{
  "classification_report": {
    "Corn_(maize)___Cercospora_leaf_spot Gray_leaf_spot": {
      "precision": 0.6428571428571429,
      "recall": 0.6923076923076923,
      "f1-score": 0.6666666666666666,
      "support": 52.0
    },
    "Corn_(maize)___Common_rust_": {
      "precision": 1.0,
      "recall": 0.9915966386554622,
      "f1-score": 0.9957805907172996,
      "support": 119.0
    },
    "Corn_(maize)___Northern_Leaf_Blight": {
      "precision": 0.8315789473684211,
      "recall": 0.8061224489795918,
      "f1-score": 0.8186528497409327,
      "support": 98.0
    },
    "Corn_(maize)___healthy": {
      "precision": 1.0,
      "recall": 1.0,
      "f1-score": 1.0,
      "support": 116.0
    },
    "accuracy": 0.9064935064935065,
    "macro avg": {
      "precision": 0.8686090225563909,
      "recall": 0.8725066949856866,
      "f1-score": 0.8702750267812247,
      "support": 385.0
    },
    "weighted avg": {
      "precision": 0.9088917097939655,
      "recall": 0.9064935064935065,
      "f1-score": 0.9075130811341213,
      "support": 385.0
    }
  }
}