{
  "classification_report": {
    "Corn_(maize)___Cercospora_leaf_spot Gray_leaf_spot": {
      "precision": 0.6222222222222222,
      "recall": 0.5384615384615384,
      "f1-score": 0.5773195876288659,
      "support": 52.0
    },
    "Corn_(maize)___Common_rust_": {
      "precision": 1.0,
      "recall": 0.9915966386554622,
      "f1-score": 0.9957805907172996,
      "support": 119.0
    },
    "Corn_(maize)___Northern_Leaf_Blight": {
      "precision": 0.7692307692307693,
      "recall": 0.8163265306122449,
      "f1-score": 0.7920792079207921,
      "support": 98.0
    },
    "Corn_(maize)___healthy": {
      "precision": 0.9830508474576272,
      "recall": 1.0,
      "f1-score": 0.9914529914529915,
      "support": 116.0
    },
    "accuracy": 0.8883116883116883,
    "macro avg": {
      "precision": 0.8436259597276546,
      "recall": 0.8365961769323114,
      "f1-score": 0.8391580944299872,
      "support": 385.0
    },
    "weighted avg": {
      "precision": 0.8851274525850797,
      "recall": 0.8883116883116883,
      "f1-score": 0.8861060213944009,
      "support": 385.0
    }
  }
}