{
  "classification_report": {
    "Corn_(maize)___Cercospora_leaf_spot Gray_leaf_spot": {
      "precision": 0.1,
      "recall": 0.0196078431372549,
      "f1-score": 0.03278688524590164,
      "support": 51.0
    },
    "Corn_(maize)___Common_rust_": {
      "precision": 0.9834710743801653,
      "recall": 0.9916666666666667,
      "f1-score": 0.9875518672199171,
      "support": 120.0
    },
    "Corn_(maize)___Northern_Leaf_Blight": {
      "precision": 0.6344827586206897,
      "recall": 0.9292929292929293,
      "f1-score": 0.7540983606557377,
      "support": 99.0
    },
    "Corn_(maize)___healthy": {
      "precision": 1.0,
      "recall": 0.9482758620689655,
      "f1-score": 0.9734513274336283,
      "support": 116.0
    },
    "accuracy": 0.8341968911917098,
    "macro avg": {
      "precision": 0.6794884582502138,
      "recall": 0.7222108252914541,
      "f1-score": 0.6869721101387962,
      "support": 386.0
    },
    "weighted avg": {
      "precision": 0.7822029068110573,
      "recall": 0.8341968911917098,
      "f1-score": 0.7972913132154144,
      "support": 386.0
    }
  }
}