{
  "classification_report": {
    "Corn_(maize)___Cercospora_leaf_spot Gray_leaf_spot": {
      "precision": 0.5263157894736842,
      "recall": 0.39215686274509803,
      "f1-score": 0.449438202247191,
      "support": 51.0
    },
    "Corn_(maize)___Common_rust_": {
      "precision": 1.0,
      "recall": 1.0,
      "f1-score": 1.0,
      "support": 120.0
    },
    "Corn_(maize)___Northern_Leaf_Blight": {
      "precision": 0.7142857142857143,
      "recall": 0.8080808080808081,
      "f1-score": 0.7582938388625592,
      "support": 99.0
    },
    "Corn_(maize)___healthy": {
      "precision": 0.9913793103448276,
      "recall": 0.9913793103448276,
      "f1-score": 0.9913793103448276,
      "support": 116.0
    },
    "accuracy": 0.8678756476683938,
    "macro avg": {
      "precision": 0.8079952035260565,
      "recall": 0.7979042452926834,
      "f1-score": 0.7997778378636444,
      "support": 386.0
    },
    "weighted avg": {
      "precision": 0.8615450543457087,
      "recall": 0.8678756476683938,
      "f1-score": 0.8626747107823837,
      "support": 386.0
    }
  }
}